Slot,Address,Speed,Status,Use,Updated,Release,Consisted,Consist,Throttle ID,Dir,F0,F1,F2,F3,F4,F5,F6,F7,F8
0,0,"        0"," 28 step",Idle,11:28:48,Release,none,0,00 00,Rev,false,false,false,false,false,false,false,false,false
1,7616,(Consist),128 step,In Use,11:36:18,Release,sub(21),1533,02 71,Fwd,true,false,false,false,false,false,false,false,false
2,5371,"        0",128 step,Idle,11:28:48,Release,none,0,69 38,Rev,false,false,false,false,false,false,false,false,true
3,168,"        0",128 step,Idle,11:28:48,Release,none,0,64 45,Rev,true,false,false,false,false,false,false,false,false
4,6616,"        0",128 step,Idle,11:28:48,Release,none,0,00 00,Fwd,false,false,false,false,false,false,false,false,false
5,143,"        0",128 step,Idle,11:28:48,Release,none,0,02 71,Fwd,false,false,false,false,false,false,true,false,true
6,217,"        0",128 step,Idle,11:28:48,Release,none,0,6D 2D,Fwd,false,false,false,false,false,false,false,false,false
7,42,"        0",128 step,Common,11:36:19,Release,top,42,02 71,Fwd,true,false,false,false,false,false,false,false,true
8,6200,"        0",128 step,Idle,11:28:48,Release,none,0,6A 48,Rev,true,false,false,false,false,false,false,false,false
9,5332,(Consist),128 step,In Use,11:36:19,Release,sub(46),9375,02 71,Fwd,false,false,false,false,false,false,false,false,false
10,1111,"        0",128 step,Idle,11:28:48,Release,none,0,75 4E,Fwd,false,false,false,false,false,false,false,false,false
11,5381,"        0",128 step,Idle,11:28:48,Release,none,0,75 52,Fwd,true,false,false,false,false,false,false,false,false
12,7490,"        0",128 step,Idle,11:28:48,Release,none,0,6F 2B,Fwd,false,false,false,false,false,false,false,false,true
13,7019,"        0",128 step,Idle,11:28:48,Release,none,0,6E 1A,Fwd,true,false,false,false,false,true,true,false,false
14,0,"        0",128 step,Idle,11:28:49,Release,none,0,02 71,Fwd,false,false,false,false,false,false,false,false,false
15,1541,"        0",128 step,Idle,11:28:49,Release,none,0,65 00,Fwd,false,false,false,false,false,false,false,false,false
16,3105,"        0",128 step,Idle,11:28:49,Release,none,0,02 71,Fwd,false,false,false,false,false,false,false,false,true
17,7020,"        0",128 step,Idle,11:28:49,Release,none,0,6E 1A,Fwd,false,false,false,false,false,false,false,false,false
18,8190,"        0",128 step,Idle,11:28:49,Release,none,0,53 70,Fwd,true,false,false,false,true,false,false,false,false
19,2566,"        0",128 step,Idle,11:28:49,Release,none,0,69 38,Fwd,false,false,false,false,false,false,false,false,false
20,70,(Consist),128 step,In Use,11:36:19,Release,sub(7),42,02 71,Fwd,false,false,false,false,false,false,false,false,false
21,1533,"        0",128 step,Idle,11:28:49,Release,none,0,42 48,Rev,false,false,false,false,false,false,true,false,true
22,711,"        0",128 step,Idle,11:28:49,Release,none,0,65 6B,Rev,true,false,false,false,true,false,false,false,false
23,9043,"        0",128 step,Idle,11:28:49,Release,none,0,69 38,Rev,false,false,false,false,false,false,true,false,false
24,5260,(Consist),128 step,In Use,11:36:20,Release,sub(90),0,65 6B,Rev,false,false,false,true,false,false,true,false,false
25,12,"        0",128 step,Idle,11:28:49,Release,none,0,65 00,Fwd,true,false,false,true,false,false,false,false,false
26,749,"        0",128 step,Idle,11:28:49,Release,none,0,53 70,Fwd,false,false,false,false,false,false,false,false,false
27,1730,(Consist),128 step,In Use,11:36:20,Release,sub(8),6200,6D 35,Rev,false,false,false,false,false,false,false,false,true
28,5337,(Consist),128 step,In Use,11:36:20,Release,mid(46),9375,02 71,Fwd,false,false,false,false,false,false,false,false,true
29,940,"        0",128 step,Idle,11:28:49,Release,none,0,02 71,Fwd,false,false,false,false,false,false,false,false,false
30,748,"        0",128 step,Idle,11:28:49,Release,none,0,53 70,Fwd,false,false,false,false,false,false,false,false,false
31,6002,(Consist),128 step,Common,11:36:20,Release,sub(9),5332,42 15,Fwd,false,false,false,false,false,false,false,false,false
32,7030,"        0",128 step,Idle,11:28:49,Release,none,0,6E 1A,Rev,true,false,false,false,false,true,false,false,false
33,0,"        0"," 28 step",Free,11:28:49,Release,none,0,00 00,Fwd,false,false,false,false,false,false,true,false,true
34,4693,"        0",128 step,Idle,11:28:50,Release,none,0,6F 2A,Fwd,true,false,false,false,false,false,false,false,false
35,8625,"        0",128 step,Idle,11:28:50,Release,none,0,02 71,Fwd,true,false,false,false,false,false,false,false,false
36,8636,"        0",128 step,Idle,11:28:50,Release,none,0,6F 7A,Fwd,false,false,false,false,false,false,false,false,false
37,5330,(Consist),128 step,Common,11:36:21,Release,sub(46),9375,02 71,Fwd,false,false,false,false,false,false,false,false,true
38,8262,(Consist),128 step,Common,11:36:21,Release,sub(45),4239,53 17,Fwd,false,false,false,false,false,false,false,false,false
39,4461,"        0",128 step,Idle,11:28:50,Release,none,0,65 00,Fwd,true,false,false,false,false,false,false,false,false
40,8374,"        0",128 step,Idle,11:28:50,Release,none,0,53 70,Rev,true,false,false,false,false,false,false,false,false
41,8251,(Consist),128 step,Common,11:36:21,Release,sub(30),748,53 17,Fwd,false,false,false,false,false,false,false,false,false
42,4316,"        0",128 step,Idle,11:28:50,Release,none,0,53 70,Rev,false,false,false,false,false,false,false,false,false
43,1545,"        0",128 step,Idle,11:28:50,Release,none,0,65 00,Fwd,false,false,false,false,false,false,false,false,false
44,4003,"        0",<unknown>,Idle,11:28:50,Release,none,0,65 00,Fwd,true,false,false,false,false,false,false,false,false
45,4239,"        0",128 step,Idle,11:28:50,Release,none,0,6D 28,Fwd,false,false,false,false,false,false,false,false,false
46,9375,"        0",128 step,Idle,11:28:50,Release,none,0,02 71,Fwd,true,false,false,false,false,false,false,false,false
47,6034,(Consist),128 step,Common,11:36:22,Release,sub(96),0,42 48,Rev,false,false,false,false,false,false,false,false,false
48,8369,"        0",128 step,Idle,11:28:50,Release,none,0,42 48,Fwd,false,false,false,false,false,false,false,false,true
49,1430,"        0",128 step,Idle,11:28:50,Release,none,0,6F 2A,Rev,false,false,false,false,false,false,false,false,false
50,1982,"        0",128 step,Idle,11:28:50,Release,none,0,69 38,Rev,true,false,false,false,true,false,false,false,false
51,4363,"        0",128 step,Idle,11:28:50,Release,none,0,62 6D,Fwd,true,false,false,false,false,true,false,false,false
52,156,"        0",128 step,Idle,11:28:50,Release,none,0,02 71,Fwd,false,false,false,false,false,false,false,false,false
53,1701,"        0",128 step,Idle,11:28:50,Release,none,0,6A 49,Fwd,true,false,false,false,false,false,false,false,false
54,6513,"        0",128 step,Idle,11:28:51,Release,none,0,42 15,Fwd,false,false,false,false,false,false,false,false,false
55,313,"        0",128 step,Idle,11:28:51,Release,none,0,6F 52,Fwd,false,false,false,false,false,false,false,false,false
56,288,(Consist),128 step,In Use,11:36:22,Release,sub(21),1533,02 71,Fwd,false,false,false,false,false,false,false,false,false
57,69,(Consist),128 step,In Use,11:36:22,Release,sub(80),0,42 15,Rev,false,false,false,false,false,false,false,false,false
58,301,(Consist),128 step,Common,11:36:23,Release,sub(80),0,42 15,Fwd,false,false,false,false,false,false,false,false,false
59,4000,"        0",128 step,Idle,11:28:51,Release,none,0,6A 48,Fwd,true,false,false,false,false,false,false,false,false
60,4186,"        0",128 step,Idle,11:28:51,Release,none,0,6D 29,Fwd,false,false,false,false,false,false,false,false,false
61,7010,(Consist),128 step,Common,11:36:23,Release,sub(58),301,42 15,Rev,false,false,false,false,false,false,false,false,false
62,0,"        0"," 28 step",Free,11:28:51,Release,none,0,00 00,Fwd,false,false,false,false,false,false,false,false,false
63,3320,"        0",128 step,Idle,11:28:51,Release,none,0,42 48,Rev,false,false,false,false,false,false,false,false,false
64,3317,"        0",128 step,Idle,11:28:51,Release,none,0,42 48,Rev,true,false,false,false,false,true,false,false,false
65,3310,"        0",128 step,Idle,11:28:51,Release,none,0,42 48,Fwd,false,false,false,false,false,false,false,false,false
66,4432,"        0",128 step,Idle,11:28:51,Release,none,0,75 4E,Fwd,false,false,false,false,false,false,false,false,false
67,5526,(Consist),128 step,Common,11:36:23,Release,sub(66),4432,42 15,Rev,false,false,false,false,false,false,false,false,false
68,6339,(Consist),128 step,Common,11:36:23,Release,sub(66),4432,42 15,Rev,false,false,false,false,false,false,false,false,false
69,2032,"        0",128 step,Idle,11:28:51,Release,none,0,75 4E,Rev,true,false,false,true,false,false,false,false,false
70,3365,"        0",128 step,Idle,11:28:51,Release,none,0,42 48,Rev,false,false,false,false,false,false,false,false,false
71,0,"        0"," 28 step",Free,11:28:51,Release,none,0,00 00,Fwd,false,false,false,false,false,false,false,false,false
72,132,"        0",128 step,Idle,11:28:51,Release,none,0,52 4F,Fwd,true,true,false,true,false,false,false,false,false
73,0,"        0"," 28 step",Free,11:28:52,Release,none,0,00 00,Fwd,false,false,false,false,false,false,false,false,false
74,0,"        0"," 28 step",Free,11:28:52,Release,none,0,00 00,Fwd,false,false,false,false,false,false,false,false,false
75,0,"        0"," 28 step",Free,11:28:52,Release,none,0,00 00,Fwd,false,false,false,false,false,false,false,false,false
76,0,"        0"," 28 step",Free,11:28:52,Release,none,0,00 00,Fwd,false,false,false,false,false,false,false,false,false
77,0,"        0"," 28 step",Free,11:28:52,Release,none,0,00 00,Fwd,false,false,false,false,false,false,false,false,false
78,0,"        0"," 28 step",Free,11:28:52,Release,none,0,00 00,Fwd,false,false,false,false,false,false,false,false,false
79,0,"        0"," 28 step",Free,11:28:52,Release,none,0,00 00,Fwd,false,false,false,false,false,false,false,false,false
80,0,"        0"," 28 step",Free,11:28:52,Release,none,0,00 00,Fwd,false,false,false,false,false,false,false,false,false
81,0,"        0"," 28 step",Free,11:28:52,Release,none,0,00 00,Fwd,false,false,false,false,false,false,false,false,false
82,0,"        0"," 28 step",Free,11:28:52,Release,none,0,00 00,Fwd,false,false,false,false,false,false,false,false,false
83,0,"        0"," 28 step",Free,11:28:52,Release,none,0,00 00,Fwd,false,false,false,false,false,false,false,false,false
84,0,"        0"," 28 step",Free,11:28:52,Release,none,0,00 00,Fwd,false,false,false,false,false,false,false,false,false
85,0,"        0"," 28 step",Free,11:28:52,Release,none,0,00 00,Fwd,false,false,false,false,false,false,false,false,false
86,0,"        0"," 28 step",Free,11:28:52,Release,none,0,00 00,Fwd,false,false,false,false,false,false,false,false,false
87,0,"        0"," 28 step",Free,11:28:52,Release,none,0,00 00,Fwd,false,false,false,false,false,false,false,false,false
88,0,"        0"," 28 step",Free,11:28:52,Release,none,0,00 00,Fwd,false,false,false,false,false,false,false,false,false
89,0,"        0"," 28 step",Free,11:28:52,Release,none,0,00 00,Fwd,false,false,false,false,false,false,false,false,false
90,0,"        0"," 28 step",Free,11:28:52,Release,none,0,00 00,Fwd,false,false,false,false,false,false,false,false,false
91,0,"        0"," 28 step",Free,11:28:52,Release,none,0,00 00,Fwd,false,false,false,false,false,false,false,false,false
92,0,"        0"," 28 step",Free,11:28:52,Release,none,0,00 00,Fwd,false,false,false,false,false,false,false,false,false
93,0,"        0"," 28 step",Free,11:28:53,Release,none,0,00 00,Fwd,false,false,false,false,false,false,false,false,false
94,0,"        0"," 28 step",Free,11:28:53,Release,none,0,00 00,Fwd,false,false,false,false,false,false,false,false,false
95,0,"        0"," 28 step",Free,11:28:53,Release,none,0,00 00,Fwd,false,false,false,false,false,false,false,false,false
96,0,"        0"," 28 step",Free,11:28:53,Release,none,0,00 00,Fwd,false,false,false,false,false,false,false,false,false
97,0,"        0"," 28 step",Free,11:28:53,Release,none,0,00 00,Fwd,false,false,false,false,false,false,false,false,false
98,0,"        0"," 28 step",Free,11:28:53,Release,none,0,00 00,Fwd,false,false,false,false,false,false,false,false,false
99,0,"        0"," 28 step",Free,11:28:53,Release,none,0,00 00,Fwd,false,false,false,false,false,false,false,false,false
100,0,"        0"," 28 step",Free,11:28:53,Release,none,0,00 00,Fwd,false,false,false,false,false,false,false,false,false
101,0,"        0"," 28 step",Free,11:28:53,Release,none,0,00 00,Fwd,false,false,false,false,false,false,false,false,false
102,0,"        0"," 28 step",Free,11:28:53,Release,none,0,00 00,Fwd,false,false,false,false,false,false,false,false,false
103,0,"        0"," 28 step",Free,11:28:53,Release,none,0,00 00,Fwd,false,false,false,false,false,false,false,false,false
104,0,"        0"," 28 step",Free,11:28:53,Release,none,0,00 00,Fwd,false,false,false,false,false,false,false,false,false
105,0,"        0"," 28 step",Free,11:28:53,Release,none,0,00 00,Fwd,false,false,false,false,false,false,false,false,false
106,0,"        0"," 28 step",Free,11:28:53,Release,none,0,00 00,Fwd,false,false,false,false,false,false,false,false,false
107,0,"        0"," 28 step",Free,11:28:53,Release,none,0,00 00,Fwd,false,false,false,false,false,false,false,false,false
108,0,"        0"," 28 step",Free,11:28:53,Release,none,0,00 00,Fwd,false,false,false,false,false,false,false,false,false
109,0,"        0"," 28 step",Free,11:28:53,Release,none,0,00 00,Fwd,false,false,false,false,false,false,false,false,false
110,0,"        0"," 28 step",Free,11:28:53,Release,none,0,00 00,Fwd,false,false,false,false,false,false,false,false,false
111,0,"        0"," 28 step",Free,11:28:53,Release,none,0,00 00,Fwd,false,false,false,false,false,false,false,false,false
112,0,"        0"," 28 step",Free,11:28:53,Release,none,0,00 00,Fwd,false,false,false,false,false,false,false,false,false
113,0,"        0"," 28 step",Free,11:28:54,Release,none,0,00 00,Fwd,false,false,false,false,false,false,false,false,false
114,0,"        0"," 28 step",Free,11:28:54,Release,none,0,00 00,Fwd,false,false,false,false,false,false,false,false,false
115,0,"        0"," 28 step",Free,11:28:54,Release,none,0,00 00,Fwd,false,false,false,false,false,false,false,false,false
116,0,"        0"," 28 step",Free,11:28:54,Release,none,0,00 00,Fwd,false,false,false,false,false,false,false,false,false
117,0,"        0"," 28 step",Free,11:28:54,Release,none,0,00 00,Fwd,false,false,false,false,false,false,false,false,false
118,0,"        0"," 28 step",Free,11:28:54,Release,none,0,00 00,Fwd,false,false,false,false,false,false,false,false,false
119,1893,(Consist),128 step,In Use,11:36:24,Release,sub(28),5337,02 71,Fwd,false,false,false,false,false,false,false,false,false
120,0,"        0"," 28 step",Free,11:28:54,Release,none,0,00 00,Fwd,false,false,false,false,false,false,false,false,false
121,0,"        0"," 28 step",Free,11:28:54,Release,none,0,00 00,Fwd,false,false,false,false,false,false,false,false,false
122,0,"        0"," 28 step",Free,11:28:54,Release,none,0,00 00,Fwd,false,false,false,false,false,false,false,false,false
123,0,"        0"," 28 step",Free,11:29:07,Release,none,0,00 00,Fwd,false,true,true,false,false,false,false,false,false
124,0,"        0"," 28 step",Free,11:28:54,Release,none,0,00 00,Fwd,false,false,false,false,false,false,false,false,false
125,0,"        0"," 28 step",Free,11:28:54,Release,none,0,00 00,Fwd,false,false,false,false,false,false,false,false,false
126,0,"       34"," 28 step trinary",Common,11:28:54,Release,none,0,1C 00,Fwd,false,false,false,false,false,false,false,true,false
127,595,"       58"," 28 step",Free,11:28:54,Release,none,0,1C 1C,Fwd,false,false,false,false,false,false,false,false,false
128,0,"        0"," 28 step",Free,11:28:54,Release,none,0,00 00,Fwd,false,false,false,false,false,false,false,false,false
129,1903,(Consist),128 step,Common,11:36:25,Release,sub(244),6103,42 15,Rev,false,false,false,false,false,false,false,false,false
130,1893,(Consist),128 step,In Use,11:36:25,Release,sub(28),5337,02 71,Fwd,false,false,false,false,false,false,false,false,false
131,8315,"        0",128 step,Idle,11:28:54,Release,none,0,42 13,Fwd,false,false,false,false,false,false,false,false,false
132,206,"        0",128 step,Idle,11:28:55,Release,none,0,68 5A,Fwd,true,false,false,false,false,false,false,false,false
133,8243,(Consist),128 step,Common,11:36:25,Release,sub(21),1533,02 71,Fwd,false,false,false,false,false,false,false,false,true
134,1003,"        0",128 step,Idle,11:28:55,Release,none,0,42 15,Fwd,false,false,false,false,false,false,false,false,false
135,938,"        0",128 step,Idle,11:28:55,Release,none,0,42 15,Fwd,false,false,false,false,false,false,false,false,false
136,1733,"        0",128 step,Idle,11:28:55,Release,none,0,42 48,Fwd,false,false,false,false,false,false,false,false,true
137,1323,"        0",128 step,Idle,11:28:55,Release,none,0,00 00,Fwd,false,false,false,false,false,false,false,false,false
138,6001,(Consist),128 step,In Use,11:36:26,Release,sub(21),1533,02 71,Fwd,false,false,false,false,false,false,false,false,false
139,878,"        0",128 step,Idle,11:28:55,Release,none,0,42 48,Rev,false,false,false,false,false,false,false,false,false
140,2409,"        0",<unknown>,Idle,11:28:55,Release,none,0,42 48,Rev,true,false,false,false,false,false,false,false,false
141,2488,"        0",128 step,Idle,11:28:55,Release,none,0,53 67,Rev,true,false,false,false,false,false,false,false,false
142,6550,"        0",128 step,Idle,11:28:55,Release,none,0,6F 7A,Fwd,false,false,false,false,false,false,false,false,true
143,9297,"        0",128 step,Idle,11:28:55,Release,none,0,6F 52,Fwd,false,false,false,false,false,false,false,false,false
144,2092,"        0",128 step,Idle,11:28:55,Release,none,0,42 15,Fwd,false,false,false,false,false,false,false,false,false
145,6799,"        0",128 step,Idle,11:28:55,Release,none,0,42 15,Rev,false,false,false,false,false,false,false,false,false
146,679,"        0",128 step,Idle,11:28:55,Release,none,0,42 15,Fwd,false,false,false,false,false,false,false,false,false
147,879,"        0",128 step,Idle,11:28:55,Release,none,0,64 45,Rev,false,false,false,false,false,false,false,false,true
148,3011,"        0",128 step,Idle,11:28:55,Release,none,0,64 45,Fwd,false,false,false,false,false,false,false,false,false
149,5110,"        0",128 step,Idle,11:28:55,Release,none,0,53 17,Fwd,false,false,false,false,false,false,false,false,true
150,8105,(Consist),128 step,In Use,11:36:32,Release,sub(136),1733,6D 34,Rev,false,false,false,false,false,false,false,false,true
151,6378,"        0",128 step,Idle,11:28:55,Release,none,0,53 5B,Fwd,false,false,false,false,false,false,false,false,false
152,6765,"        0",128 step,Idle,11:28:56,Release,none,0,42 15,Fwd,false,false,false,false,false,false,false,false,false
153,1902,"        0",128 step,Idle,11:28:56,Release,none,0,53 17,Fwd,false,false,false,false,false,false,false,false,false
154,1179,"        0",128 step,Idle,11:28:56,Release,none,0,02 71,Fwd,true,false,false,false,false,false,true,false,false
155,1983,"        0",128 step,Idle,11:28:56,Release,none,0,6F 52,Fwd,false,false,false,false,false,false,true,false,true
156,4504,"        0",128 step,Idle,11:28:56,Release,none,0,6D 45,Fwd,false,false,false,false,false,false,false,false,false
157,9020,"        0",128 step,Idle,11:28:56,Release,none,0,42 15,Fwd,false,false,false,false,false,false,false,false,true
158,9357,"        0",128 step,Idle,11:28:56,Release,none,0,02 71,Fwd,false,false,false,false,false,false,false,false,true
159,4109,"        0",128 step,Idle,11:28:56,Release,none,0,61 1B,Fwd,false,false,false,false,false,false,false,false,false
160,1957,"        0",128 step,Idle,11:28:56,Release,none,0,42 48,Rev,false,false,false,false,false,false,false,false,false
161,5394,(Consist),128 step,In Use,11:36:26,Release,sub(136),1733,6D 35,Fwd,false,false,false,false,false,false,false,false,false
162,3014,(Consist),128 step,Common,11:36:27,Release,sub(16),3105,42 15,Fwd,false,false,false,false,false,false,false,false,true
163,169,"        0",128 step,Idle,11:28:56,Release,none,0,6F 52,Fwd,false,false,false,false,false,false,false,false,false
164,5392,(Consist),128 step,In Use,11:36:27,Release,sub(136),1733,6D 34,Rev,false,false,false,false,false,false,false,false,true
165,2759,(Consist),128 step,Common,11:36:27,Release,sub(154),1179,42 13,Rev,true,false,false,false,false,false,true,false,false
166,6008,"        0",128 step,Idle,11:28:56,Release,none,0,68 5A,Fwd,true,false,false,false,false,false,false,false,false
167,4357,"        0",<unknown>,Idle,11:28:56,Release,none,0,42 48,Fwd,false,false,false,false,false,false,false,false,false
168,545,"        0",128 step,Idle,11:28:56,Release,none,0,64 45,Fwd,false,false,false,false,false,false,false,false,false
169,6665,(Consist),128 step,In Use,11:36:28,Release,sub(323),6437,6D 34,Rev,false,false,false,false,false,false,true,false,true
170,5668,"        0",128 step,Idle,11:28:56,Release,none,0,02 71,Fwd,true,false,false,false,false,false,false,false,false
171,6608,(Consist),128 step,In Use,11:36:28,Release,sub(323),6437,6D 34,Rev,false,false,false,false,false,false,false,false,false
172,8025,"        0",128 step,Idle,11:28:57,Release,none,0,42 15,Rev,false,false,false,false,false,false,false,false,true
173,5353,"        0",128 step,Idle,11:28:57,Release,none,0,02 71,Fwd,false,false,false,false,false,false,false,false,false
174,1478,"        0",128 step,Idle,11:28:57,Release,none,0,00 00,Fwd,false,false,false,false,false,false,false,false,false
175,2053,(Consist),128 step,Common,11:36:28,Release,sub(173),5353,53 17,Fwd,false,false,false,false,false,false,false,false,false
176,785,"        0",128 step,Idle,11:28:57,Release,none,0,6D 34,Fwd,false,false,false,false,false,false,false,false,false
177,3206,"        0",128 step,Idle,11:28:57,Release,none,0,64 45,Rev,false,false,false,false,false,false,false,false,false
178,9305,(Consist)," 28 step",In Use,11:36:29,Release,sub(209),9301,6F 53,Rev,true,false,false,false,false,false,false,false,false
179,3557,(Consist),128 step,Common,11:36:29,Release,sub(162),3014,42 48,Rev,false,false,false,false,false,false,false,false,false
180,5412,"        0",128 step,Idle,11:28:57,Release,none,0,64 45,Fwd,false,false,false,false,false,false,false,false,false
181,0,"        0"," 28 step",Free,11:28:57,Release,none,0,00 00,Fwd,false,false,false,false,false,false,false,false,false
182,9304,(Consist),128 step,In Use,11:36:29,Release,sub(209),9301,6F 52,Rev,false,false,false,false,false,false,false,false,false
183,6415,"        0",128 step,Idle,11:28:57,Release,none,0,64 45,Fwd,false,false,false,false,false,false,false,false,false
184,2468,"        0",128 step,Idle,11:28:57,Release,none,0,42 48,Fwd,true,false,false,false,false,false,false,false,true
185,5623,(Consist),128 step,In Use,11:36:29,Release,sub(21),1533,02 71,Fwd,false,false,false,false,false,false,false,false,false
186,7022,"        0",128 step,Idle,11:28:57,Release,none,0,6B 7C,Fwd,false,false,false,false,false,false,false,false,false
187,308,(Consist),128 step,Common,11:36:30,Release,sub(261),307,42 13,Rev,false,false,false,false,false,false,false,false,false
188,999,"        0",128 step,Idle,11:28:57,Release,none,0,6D 35,Fwd,false,false,false,false,false,false,false,false,false
189,5331,"        0",128 step,Idle,11:28:57,Release,none,0,42 15,Rev,false,false,false,false,false,false,false,false,true
190,963,(Consist),128 step,Common,11:36:36,Release,sub(5),143,42 15,Rev,false,false,false,false,false,false,false,false,false
191,5112,"        0",128 step,Idle,11:28:57,Release,none,0,64 45,Fwd,false,false,false,false,false,false,false,false,false
192,5142,"        0",128 step,Idle,11:28:58,Release,none,0,02 71,Fwd,false,false,false,false,false,false,false,false,false
193,5130,(Consist),128 step,In Use,11:36:30,Release,sub(21),1533,02 71,Fwd,false,false,false,false,false,false,false,false,false
194,5536,(Consist),128 step,In Use,11:36:30,Release,sub(21),1533,02 71,Fwd,false,false,false,false,false,false,false,false,false
195,555,"        0",<unknown>,Idle,11:28:58,Release,none,0,6F 7B,Fwd,false,false,false,false,false,false,false,false,false
196,512,"        0",<unknown>,Idle,11:28:58,Release,none,0,6F 7B,Fwd,false,false,false,false,false,false,false,false,false
197,5531,"        0",128 step,Idle,11:28:58,Release,none,0,64 45,Rev,false,false,false,false,false,false,false,false,false
198,723,"        0",<unknown>,Idle,11:28:58,Release,none,0,6F 7B,Fwd,false,false,false,false,false,false,false,false,false
199,4438,"        0",128 step,Idle,11:28:58,Release,none,0,6D 2D,Fwd,true,false,false,false,false,false,false,false,false
200,126,"        0",128 step,Idle,11:28:58,Release,none,0,6D 45,Fwd,false,false,false,false,false,false,true,false,false
201,5315,"        0",128 step,Idle,11:28:58,Release,none,0,64 45,Fwd,false,false,false,false,false,false,false,false,false
202,8317,"        0",128 step,Idle,11:28:58,Release,none,0,42 13,Fwd,false,false,false,false,false,false,false,false,false
203,732,(Consist),128 step,Common,11:36:31,Release,sub(149),5110,42 15,Rev,false,false,false,false,false,false,false,false,true
204,165,"        0",128 step,Idle,11:28:58,Release,none,0,42 13,Rev,false,false,false,false,false,false,false,false,false
205,8368,"        0",<unknown>,Idle,11:28:58,Release,none,0,6F 7A,Fwd,false,false,false,false,false,false,false,false,false
206,9369,"        0"," 28 step",Idle,11:28:58,Release,none,0,42 48,Fwd,false,false,false,false,false,false,false,false,false
207,6864,"        0",128 step,Idle,11:28:58,Release,none,0,64 45,Fwd,false,false,false,false,false,false,false,false,false
208,8639,"        0",128 step,Idle,11:28:58,Release,none,0,64 45,Fwd,false,false,false,false,false,false,false,false,false
209,9301,"        0",128 step,Idle,11:28:58,Release,none,0,42 48,Fwd,true,true,false,false,false,false,false,false,false
210,8320,(Consist),128 step,Common,11:36:31,Release,sub(331),270,42 15,Rev,false,false,false,false,false,false,false,false,true
211,7530,(Consist),128 step,Common,11:36:31,Release,sub(331),270,42 15,Rev,false,false,false,false,false,false,false,false,true
212,8141,"        0",128 step,Idle,11:28:59,Release,none,0,65 0A,Fwd,false,false,false,false,false,false,false,false,false
213,135,"        0",128 step,Idle,11:28:59,Release,none,0,64 61,Fwd,false,false,false,false,false,false,false,false,false
214,5718,"        0",128 step,Idle,11:28:59,Release,none,0,6D 45,Fwd,false,false,false,false,false,false,false,false,false
215,6044,"        0",128 step,Idle,11:28:59,Release,none,0,6F 52,Rev,true,false,false,false,false,false,false,false,false
216,162,"        0",128 step,Idle,11:28:59,Release,none,0,53 17,Fwd,false,false,false,false,false,false,false,false,false
217,100,"        0",128 step,Idle,11:28:59,Release,none,0,75 4E,Fwd,false,false,false,false,false,false,false,false,false
218,0,"        0"," 28 step",Free,11:28:59,Release,none,0,00 00,Fwd,false,false,false,false,false,false,false,false,false
219,5960,"        0",128 step,Idle,11:28:59,Release,none,0,65 6B,Fwd,false,false,false,false,false,false,false,false,false
220,5956,(Consist),128 step,In Use,11:36:32,Release,sub(218),0,65 6B,Rev,false,false,false,false,false,true,false,false,false
221,9505,"        0",128 step,Idle,11:28:59,Release,none,0,6F 52,Fwd,false,false,false,false,false,false,false,false,false
222,4125,"        0",128 step,Idle,11:28:59,Release,none,0,61 1B,Fwd,true,false,false,false,false,false,false,false,false
223,3198,"        0",128 step,Idle,11:28:59,Release,none,0,53 5B,Fwd,true,false,false,false,false,false,false,false,false
224,5671,(Consist),128 step,In Use,11:36:32,Release,sub(21),1533,02 71,Fwd,false,false,false,false,false,false,false,false,false
225,4001,"        0",128 step,Idle,11:28:59,Release,none,0,6F 7B,Rev,true,false,false,false,false,false,false,false,true
226,778,"        0",128 step,Idle,11:28:59,Release,none,0,6D 44,Fwd,false,false,false,false,false,false,false,false,false
227,640,"        0",128 step,Idle,11:28:59,Release,none,0,64 45,Fwd,false,false,false,false,false,false,false,false,false
228,5641,"        0",128 step,Idle,11:28:59,Release,none,0,6D 34,Fwd,true,false,false,false,false,false,false,false,false
229,7082,"        0",128 step,Idle,11:28:59,Release,none,0,02 71,Fwd,false,false,false,false,false,false,false,false,true
230,4041,"        0",128 step,Idle,11:28:59,Release,none,0,53 17,Fwd,false,false,false,false,false,false,false,false,true
231,2557,"        0",128 step,Idle,11:29:00,Release,none,0,42 48,Fwd,false,false,false,false,false,false,false,false,false
232,142,"        0",128 step,Idle,11:29:00,Release,none,0,6C 04,Fwd,false,false,false,false,false,false,false,false,false
233,139,"        0",128 step,Idle,11:29:00,Release,none,0,6C 04,Fwd,false,false,false,false,false,false,false,false,false
234,140,"        0",128 step,Idle,11:29:00,Release,none,0,6C 04,Fwd,false,false,false,false,false,false,false,false,false
235,141,"        0",128 step,Idle,11:29:00,Release,none,0,6C 04,Fwd,false,false,false,false,false,false,false,false,false
236,145,"        0",128 step,Idle,11:29:00,Release,none,0,6C 04,Fwd,false,false,false,false,false,false,false,false,false
237,2627,"        0",128 step,Idle,11:29:00,Release,none,0,6C 04,Fwd,false,false,false,false,false,false,false,false,false
238,6035,"        0",128 step,Idle,11:29:00,Release,none,0,6D 2D,Rev,true,false,false,false,false,true,true,false,true
239,4150,(Consist),128 step,Common,11:36:32,Release,sub(244),6103,42 15,Fwd,true,false,false,false,false,false,false,false,true
240,5954,"        0",128 step,Idle,11:29:00,Release,none,0,65 6B,Fwd,false,false,false,false,false,false,false,false,false
241,6268,"        0",128 step,Idle,11:29:00,Release,none,0,65 0A,Fwd,false,false,false,false,false,false,false,false,true
242,755,"        0",128 step,Idle,11:29:00,Release,none,0,61 1B,Fwd,true,false,false,false,false,false,false,false,false
243,189,"        0",128 step,Idle,11:29:00,Release,none,0,53 17,Rev,false,false,false,false,false,false,false,false,false
244,6103,"        0",<unknown>,Idle,11:29:00,Release,none,0,02 71,Fwd,false,false,false,false,false,false,false,false,true
245,3277,"        0",128 step,Idle,11:29:00,Release,none,0,6F 7A,Fwd,false,false,false,false,false,false,false,false,true
246,917,"        0",128 step,Idle,11:29:00,Release,none,0,64 45,Fwd,false,false,false,false,false,false,false,false,false
247,3007,"        0",128 step,Idle,11:29:00,Release,none,0,42 13,Fwd,false,false,false,false,false,false,false,false,false
248,0,"        0"," 28 step",Free,11:29:01,Release,none,0,03 65,Fwd,false,false,false,false,false,false,false,false,false
249,210,(Consist),<unknown>,Free,11:29:00,Release,mid(93),0,03 0D,Fwd,false,false,false,false,false,false,false,false,false
250,0,"        0"," 28 step",Free,11:29:01,Release,none,0,03 0D,Fwd,false,false,false,false,false,false,false,false,false
251,2076,(Consist)," 14 step",Idle,11:29:01,Release,mid(0),0,03 5A,Fwd,false,false,false,false,false,false,false,false,false
252,0,"        0"," 28 step",Free,11:29:01,Release,none,0,03 17,Fwd,false,false,false,false,false,false,false,false,false
253,0,"        0"," 28 step",Free,11:29:01,Release,none,0,03 5A,Fwd,false,false,false,false,false,false,false,false,false
254,0,"        0"," 28 step",Free,11:29:01,Release,none,0,03 69,Fwd,false,false,false,false,false,false,false,false,false
255,0,"        0"," 28 step",Free,11:29:01,Release,none,0,03 65,Fwd,false,false,false,false,false,false,false,false,false
256,0,"        0"," 28 step",Free,11:29:01,Release,none,0,00 00,Fwd,false,false,false,false,false,false,false,false,false
257,6545,(Consist),128 step,Common,11:29:01,Release,sub(143),9297,42 15,Rev,false,false,false,false,false,false,false,false,false
258,7867,"        0",128 step,Idle,11:29:01,Release,none,0,6F 7A,Fwd,false,false,false,false,false,false,false,false,true
259,6510,"        0",128 step,Idle,11:29:01,Release,none,0,65 0A,Fwd,true,false,false,false,false,false,false,false,false
260,6203,"        0",128 step,Idle,11:29:01,Release,none,0,6F 52,Fwd,false,false,false,false,false,false,false,false,false
261,307,"        0",128 step,Idle,11:29:01,Release,none,0,02 71,Fwd,false,false,false,false,false,false,false,false,true
262,5334,(Consist),128 step,Common,11:36:33,Release,sub(346),5324,42 15,Rev,false,false,false,false,false,false,false,false,false
263,5344,"        0",<unknown>,Idle,11:29:01,Release,none,0,6F 7A,Rev,true,false,false,false,false,false,false,false,false
264,5672,(Consist),128 step,In Use,11:36:33,Release,sub(21),1533,02 71,Fwd,false,false,false,false,false,false,false,false,false
265,5629,(Consist),128 step,In Use,11:36:33,Release,sub(10),1111,02 71,Fwd,false,false,false,false,false,false,false,false,false
266,5622,"        0",128 step,Idle,11:29:01,Release,none,0,02 71,Fwd,true,false,false,false,false,false,false,false,false
267,1385,"        0",128 step,Idle,11:29:01,Release,none,0,42 15,Fwd,false,false,false,false,false,false,false,false,false
268,913,"        0",128 step,Idle,11:29:01,Release,none,0,6D 34,Fwd,false,false,false,false,false,false,false,false,false
269,52,"        0",128 step,Idle,11:29:01,Release,none,0,53 17,Fwd,true,false,false,false,false,false,false,false,false
270,507,(Consist),128 step,Common,11:36:34,Release,sub(261),307,42 13,Fwd,false,false,false,false,false,false,false,false,false
271,1825,"        0",128 step,Idle,11:29:02,Release,none,0,6F 7A,Fwd,false,false,false,false,false,false,false,false,false
272,3118,"        0",128 step,Idle,11:29:02,Release,none,0,42 15,Rev,false,false,false,false,false,false,false,false,true
273,5126,(Consist),128 step,Common,11:36:34,Release,sub(332),5712,53 17,Rev,false,false,false,false,false,false,false,false,true
274,1873,"        0",128 step,Idle,11:29:02,Release,none,0,6F 52,Fwd,false,false,false,false,false,false,false,false,false
275,147,"        0",128 step,Idle,11:29:02,Release,none,0,6D 34,Rev,false,false,false,false,false,false,false,false,false
276,6536,"        0",128 step,Idle,11:29:02,Release,none,0,65 6B,Fwd,false,false,false,false,false,false,true,false,false
277,220,"        0",128 step,Idle,11:29:02,Release,none,0,42 15,Rev,true,false,false,true,false,false,false,true,true
278,167,"        0",128 step,Idle,11:29:02,Release,none,0,64 45,Fwd,false,false,false,false,false,false,false,false,false
279,5516,(Consist),128 step,Common,11:36:34,Release,sub(332),5712,42 15,Rev,false,false,false,false,false,false,false,false,true
280,4403,"        0",128 step,Idle,11:29:02,Release,none,0,42 15,Fwd,true,false,false,false,false,false,false,false,true
281,2052,"        0",128 step,Idle,11:29:02,Release,none,0,64 45,Fwd,false,false,false,false,false,false,false,false,false
282,6518,(Consist),128 step,Common,11:36:35,Release,sub(295),3,42 48,Rev,false,false,false,false,false,false,false,false,false
283,6516,(Consist),128 step,Common,11:36:35,Release,sub(295),3,42 15,Rev,false,false,false,false,false,false,false,false,false
284,5441,"        0",128 step,Idle,11:29:02,Release,none,0,02 71,Fwd,false,false,false,false,false,false,false,false,false
285,134,"        0",128 step,Idle,11:29:02,Release,none,0,6F 7A,Fwd,false,false,false,false,false,false,false,false,false
286,6003,"        0",128 step,Idle,11:29:02,Release,none,0,65 0A,Fwd,false,false,false,false,false,false,false,false,false
287,6130,"        0",128 step,Idle,11:29:02,Release,none,0,64 45,Rev,false,false,false,false,false,false,false,false,false
288,0,"        0"," 28 step",Free,11:29:02,Release,none,0,00 00,Fwd,false,false,false,false,false,false,false,false,false
289,595,"        0",128 step,Idle,11:29:02,Release,none,0,00 00,Fwd,false,false,false,false,false,false,false,false,false
290,658,"        0",128 step,Idle,11:29:03,Release,none,0,6D 34,Fwd,false,false,false,false,false,false,false,false,false
291,953,"        0",128 step,Idle,11:29:03,Release,none,0,64 45,Rev,false,false,false,false,false,false,false,false,false
292,3233,"        0",128 step,Idle,11:29:03,Release,none,0,6F 7A,Rev,true,false,false,false,false,false,false,false,false
293,2285,"        0",128 step,Idle,11:29:03,Release,none,0,6D 35,Fwd,true,false,false,false,false,false,false,false,true
294,651,"        0",128 step,Idle,11:29:03,Release,none,0,00 00,Fwd,false,false,false,false,false,false,false,false,false
295,3,"        0",128 step,Idle,11:29:03,Release,none,0,6F 52,Fwd,false,false,false,false,false,false,false,false,false
296,5321,"        0",128 step,Idle,11:29:03,Release,none,0,6F 2A,Rev,false,false,false,false,false,false,false,false,false
297,931,"        0",128 step,Idle,11:29:03,Release,none,0,6D 2D,Fwd,false,false,false,false,false,false,false,false,false
298,944,"        0",128 step,Idle,11:29:03,Release,none,0,65 0A,Fwd,true,false,false,false,false,false,false,false,false
299,765,"        0",128 step,Idle,11:29:03,Release,none,0,42 15,Fwd,false,false,false,false,false,false,false,false,false
300,3096,(Consist),128 step,Common,11:36:35,Release,sub(16),3105,42 15,Rev,false,false,false,false,false,false,false,false,true
301,3113,(Consist),<unknown>,Common,11:36:35,Release,sub(16),3105,42 15,Fwd,false,false,false,false,false,false,false,false,false
302,7619,"        0",128 step,Idle,11:29:03,Release,none,0,42 15,Fwd,false,false,false,false,false,false,false,false,false
303,2796,"        0",<unknown>,Idle,11:29:03,Release,none,0,6F 7A,Fwd,true,false,false,false,false,false,false,false,false
304,1771,"        0",128 step,Idle,11:29:03,Release,none,0,42 13,Fwd,false,false,false,false,false,false,false,false,false
305,3204,"        0",128 step,Idle,11:29:03,Release,none,0,65 6B,Fwd,false,false,false,false,false,false,false,false,false
306,574,"        0",128 step,Idle,11:29:03,Release,none,0,6D 44,Fwd,false,false,false,false,false,false,false,false,false
307,5704,"        0",128 step,Idle,11:29:03,Release,none,0,6D 45,Fwd,true,false,false,false,false,false,false,false,false
308,3117,"        0",128 step,Idle,11:29:03,Release,none,0,42 15,Fwd,false,false,false,false,false,false,false,false,false
309,8358,"        0",128 step,Idle,11:29:03,Release,none,0,42 15,Fwd,false,false,false,false,false,false,false,false,false
310,461,"        0",<unknown>,Idle,11:29:04,Release,none,0,6F 7A,Fwd,false,false,false,false,false,false,false,false,false
311,6758,"        0",128 step,Idle,11:29:04,Release,none,0,65 0A,Fwd,true,false,false,false,false,false,true,false,true
312,182,"        0",128 step,Idle,11:29:04,Release,none,0,00 00,Fwd,false,false,false,false,false,false,false,false,false
313,7658,"        0",128 step,Idle,11:29:04,Release,none,0,6D 34,Fwd,false,false,false,false,false,false,false,false,false
314,2658,"        0",128 step,Idle,11:29:04,Release,none,0,6D 34,Fwd,false,false,false,false,false,false,false,false,false
315,3658,"        0",128 step,Idle,11:29:04,Release,none,0,6D 34,Fwd,false,false,false,false,false,false,false,false,false
316,4999,"        0",128 step,Idle,11:29:04,Release,none,0,74 28,Fwd,false,false,false,false,false,false,false,false,false
317,9378,"        0",<unknown>,Idle,11:29:04,Release,none,0,6F 7B,Fwd,false,false,false,false,false,false,false,false,false
318,5699,"        0",<unknown>,Idle,11:29:04,Release,none,0,6F 7A,Fwd,false,false,false,false,false,false,false,false,false
319,4358,"        0",128 step,Idle,11:29:04,Release,none,0,53 67,Fwd,true,false,false,false,false,false,true,false,false
320,5318,"        0",128 step,Idle,11:29:04,Release,none,0,42 15,Fwd,false,false,false,false,false,false,false,false,true
321,300,"        0",128 step,Idle,11:29:04,Release,none,0,53 17,Rev,false,false,false,false,false,false,true,false,false
322,7617,"        0",128 step,Idle,11:29:04,Release,none,0,42 13,Fwd,false,false,false,false,false,false,false,false,false
323,6437,"        0",128 step,Idle,11:29:04,Release,none,0,02 71,Fwd,true,false,false,false,false,false,false,false,false
324,311,"        0",128 step,Idle,11:29:04,Release,none,0,42 15,Rev,false,false,false,false,false,false,false,false,false
325,309,"        0",128 step,Idle,11:29:04,Release,none,0,53 17,Fwd,true,false,false,false,false,true,true,true,false
326,5326,"        0",<unknown>,Idle,11:29:04,Release,none,0,6F 7A,Fwd,false,false,false,false,false,false,false,false,false
327,834,"        0",<unknown>,Idle,11:29:04,Release,none,0,6F 7A,Fwd,false,false,false,false,false,false,false,false,false
328,5587,"        0",128 step,Idle,11:29:04,Release,none,0,53 17,Fwd,false,false,false,false,false,false,false,false,false
329,83,"        0",128 step,Idle,11:29:04,Release,none,0,65 0A,Fwd,true,false,false,false,false,false,true,false,true
330,4014,"        0",128 step,Idle,11:29:05,Release,none,0,53 17,Fwd,false,false,false,false,false,false,false,false,false
331,270,"        0",128 step,Idle,11:29:05,Release,none,0,6F 52,Fwd,false,false,false,false,false,false,false,false,false
332,5712,"        0",128 step,Idle,11:29:05,Release,none,0,02 71,Fwd,false,false,false,false,false,false,false,false,false
333,207,"        0",128 step,Idle,11:29:05,Release,none,0,65 0A,Fwd,true,false,false,false,false,false,false,false,false
334,7802,"        0",128 step,Idle,11:29:05,Release,none,0,42 48,Fwd,false,false,false,false,false,false,false,false,false
335,550,"        0",128 step,Idle,11:29:05,Release,none,0,00 00,Fwd,false,false,false,false,false,false,false,false,false
336,5507,"        0",128 step,Idle,11:29:05,Release,none,0,42 15,Rev,false,false,false,false,false,false,false,false,false
337,876,"        0",128 step,Idle,11:29:05,Release,none,0,42 48,Rev,false,false,false,false,false,false,false,false,false
338,1014,"        0",128 step,Idle,11:29:05,Release,none,0,6C 04,Rev,true,false,false,false,false,false,false,false,false
339,6178,"        0",128 step,Idle,11:29:05,Release,none,0,42 13,Fwd,false,false,false,false,false,false,false,false,false
340,7254,(Consist),128 step,Common,11:36:36,Release,sub(341),6179,42 13,Fwd,false,false,false,false,false,false,false,false,false
341,6179,"        0",128 step,Idle,11:29:05,Release,none,0,42 13,Rev,true,false,false,false,false,false,false,false,false
342,6111,"        0",128 step,Idle,11:29:05,Release,none,0,42 13,Rev,true,false,false,false,false,false,false,false,false
343,99,"        0",128 step,Idle,11:29:05,Release,none,0,53 17,Rev,true,false,false,true,false,true,false,false,false
344,114,"        0",128 step,Idle,11:29:05,Release,none,0,53 17,Rev,false,false,false,false,false,false,false,false,false
345,3076,"        0",128 step,Idle,11:29:05,Release,none,0,65 6B,Fwd,false,false,false,false,false,false,false,false,false
346,5324,"        0",128 step,Idle,11:29:05,Release,none,0,02 71,Fwd,false,false,false,false,false,false,false,false,true
347,0,"        0"," 28 step",Free,11:29:05,Release,none,0,00 00,Fwd,false,false,false,false,false,false,false,false,false
348,82,"        0",128 step adv,Idle,11:29:05,Release,none,0,6F 53,Fwd,false,false,false,false,true,false,false,false,true
349,3203,(Consist),128 step,Common,11:36:36,Release,sub(158),9357,53 17,Rev,false,false,false,false,false,false,false,false,false
350,930,(Consist),128 step,Common,11:36:37,Release,sub(181),0,53 17,Fwd,false,false,false,false,false,false,false,false,true
351,5918,(Consist),128 step,Common,11:36:37,Release,sub(352),6037,53 67,Fwd,false,false,false,false,false,false,false,false,true
352,6037,"        0",128 step,Idle,11:29:06,Release,none,0,53 67,Rev,false,false,false,false,false,false,false,false,false
353,257,"        0",128 step,Idle,11:29:06,Release,none,0,42 15,Fwd,false,false,false,false,false,false,false,false,false
354,157,(Consist),128 step,In Use,11:36:37,Release,sub(347),0,42 15,Fwd,true,false,false,false,false,false,false,false,true
355,6741,"        0",128 step,Idle,11:29:06,Release,none,0,65 1F,Fwd,true,false,false,false,false,false,false,false,false
356,674,"        0",128 step,Idle,11:29:06,Release,none,0,65 1F,Fwd,false,false,false,false,false,false,false,false,false
357,8,"        0",128 step,Idle,11:29:06,Release,none,0,53 17,Fwd,true,false,false,false,false,false,false,false,false
358,1,"        0",128 step,Idle,11:29:06,Release,none,0,53 5B,Fwd,false,false,false,false,false,false,false,false,false
359,4449,"        0",128 step,Idle,11:29:06,Release,none,0,42 48,Fwd,false,false,false,false,false,false,false,false,true
360,941,(Consist),128 step,Common,11:36:38,Release,sub(181),0,53 17,Fwd,false,false,false,false,false,false,false,false,true
361,510,"        0",128 step,Idle,11:29:06,Release,none,0,42 15,Fwd,false,false,false,false,false,false,false,false,true
362,4,"        0",128 step,Idle,11:29:06,Release,none,0,00 00,Fwd,false,false,false,false,false,false,false,false,false
363,3848,"        0",128 step,Idle,11:29:06,Release,none,0,42 15,Fwd,false,false,false,false,false,false,false,false,true
364,187,"        0",128 step,Idle,11:29:06,Release,none,0,42 15,Fwd,false,false,false,false,false,false,false,false,true
365,409,"        0",128 step,Idle,11:29:06,Release,none,0,65 0A,Rev,true,false,false,false,false,true,false,false,false
366,8552,"        0",128 step,Idle,11:29:06,Release,none,0,65 0A,Rev,true,false,false,false,false,false,false,false,false
367,1984,"        0",128 step,Idle,11:29:06,Release,none,0,6F 52,Fwd,false,false,false,false,false,false,false,false,false
368,9272,"        0",128 step,Idle,11:29:06,Release,none,0,6F 52,Fwd,false,false,false,false,false,false,false,false,false
369,31,"        0",128 step,Idle,11:29:07,Release,none,0,6F 53,Fwd,false,false,false,true,false,false,false,false,false
370,6023,"        0",128 step,Idle,11:29:07,Release,none,0,65 0A,Fwd,false,false,false,false,false,false,false,false,false
371,6628,"        0",128 step,Idle,11:29:07,Release,none,0,42 13,Rev,false,false,false,false,false,false,false,false,false
372,0,"        0"," 28 step",Free,11:29:07,Release,none,0,00 00,Fwd,false,false,false,false,false,false,false,false,false
373,0,"        0"," 28 step",Free,11:29:07,Release,none,0,00 00,Fwd,false,false,false,false,false,false,false,false,false
374,0,"        0"," 28 step",Free,11:29:07,Release,none,0,00 00,Fwd,false,false,false,false,false,false,false,false,false
375,0,"        0"," 28 step",Free,11:29:07,Release,none,0,00 00,Fwd,false,false,false,false,false,false,false,false,false
376,0,"        0"," 28 step",Free,11:29:07,Release,none,0,00 00,Fwd,false,false,false,false,false,false,false,false,false
377,0,"        0"," 28 step",Free,11:29:07,Release,none,0,00 00,Fwd,false,false,false,false,false,false,false,false,false
378,0,"        0"," 28 step",Free,11:29:07,Release,none,0,00 00,Fwd,false,false,false,false,false,false,false,false,false
379,0,"        0"," 28 step",Free,11:29:07,Release,none,0,00 00,Fwd,false,false,false,false,false,false,false,false,false
380,0,"        0"," 28 step",Free,11:29:07,Release,none,0,00 00,Fwd,false,false,false,false,false,false,false,false,false
381,0,"        0"," 28 step",Free,11:29:07,Release,none,0,00 00,Fwd,false,false,false,false,false,false,false,false,false
382,0,"        0"," 28 step",Free,11:29:07,Release,none,0,00 00,Fwd,false,false,false,false,false,false,false,false,false
383,0,"        0"," 28 step",Free,11:29:07,Release,none,0,00 00,Fwd,false,false,false,false,false,false,false,false,false
384,0,"        0"," 28 step",Free,11:29:07,Release,none,0,00 00,Fwd,false,false,false,false,false,false,false,false,false
385,0,"        0"," 28 step",Free,11:29:07,Release,none,0,00 00,Fwd,false,false,false,false,false,false,false,false,false
386,0,"        0"," 28 step",Free,11:29:07,Release,none,0,00 00,Fwd,false,false,false,false,false,false,false,false,false
387,0,"        0"," 28 step",Free,11:29:07,Release,none,0,00 00,Fwd,false,false,false,false,false,false,false,false,false
388,0,"        0"," 28 step",Free,11:29:07,Release,none,0,00 00,Fwd,false,false,false,false,false,false,false,false,false
389,0,"        0"," 28 step",Free,11:29:08,Release,none,0,00 00,Fwd,false,false,false,false,false,false,false,false,false
390,0,"        0"," 28 step",Free,11:29:08,Release,none,0,00 00,Fwd,false,false,false,false,false,false,false,false,false
391,0,"        0"," 28 step",Free,11:29:08,Release,none,0,00 00,Fwd,false,false,false,false,false,false,false,false,false
392,0,"        0"," 28 step",Free,11:29:08,Release,none,0,00 00,Fwd,false,false,false,false,false,false,false,false,false
393,0,"        0"," 28 step",Free,11:29:08,Release,none,0,00 00,Fwd,false,false,false,false,false,false,false,false,false
394,0,"        0"," 28 step",Free,11:29:08,Release,none,0,00 00,Fwd,false,false,false,false,false,false,false,false,false
395,0,"        0"," 28 step",Free,11:29:08,Release,none,0,00 00,Fwd,false,false,false,false,false,false,false,false,false
396,0,"        0"," 28 step",Free,11:29:08,Release,none,0,00 00,Fwd,false,false,false,false,false,false,false,false,false
397,0,"        0"," 28 step",Free,11:29:08,Release,none,0,00 00,Fwd,false,false,false,false,false,false,false,false,false
398,0,"        0"," 28 step",Free,11:29:08,Release,none,0,00 00,Fwd,false,false,false,false,false,false,false,false,false
399,0,"        0"," 28 step",Free,11:29:08,Release,none,0,00 00,Fwd,false,false,false,false,false,false,false,false,false
400,0,"        0"," 28 step",Free,11:29:08,Release,none,0,00 00,Fwd,false,false,false,false,false,false,false,false,false
401,0,"        0"," 28 step",Free,11:29:08,Release,none,0,00 00,Fwd,false,false,false,false,false,false,false,false,false
402,0,"        0"," 28 step",Free,11:29:08,Release,none,0,00 00,Fwd,false,false,false,false,false,false,false,false,false
403,0,"        0"," 28 step",Free,11:29:08,Release,none,0,00 00,Fwd,false,false,false,false,false,false,false,false,false
404,0,"        0"," 28 step",Free,11:29:08,Release,none,0,00 00,Fwd,false,false,false,false,false,false,false,false,false
405,0,"        0"," 28 step",Free,11:29:08,Release,none,0,00 00,Fwd,false,false,false,false,false,false,false,false,false
406,0,"        0"," 28 step",Free,11:29:08,Release,none,0,00 00,Fwd,false,false,false,false,false,false,false,false,false
407,0,"        0"," 28 step",Free,11:29:08,Release,none,0,00 00,Fwd,false,false,false,false,false,false,false,false,false
408,0,"        0"," 28 step",Free,11:29:08,Release,none,0,00 00,Fwd,false,false,false,false,false,false,false,false,false
409,0,"        0"," 28 step",Free,11:29:09,Release,none,0,00 00,Fwd,false,false,false,false,false,false,false,false,false
410,0,"        0"," 28 step",Free,11:29:09,Release,none,0,00 00,Fwd,false,false,false,false,false,false,false,false,false
411,0,"        0"," 28 step",Free,11:29:09,Release,none,0,00 00,Fwd,false,false,false,false,false,false,false,false,false
412,0,"        0"," 28 step",Free,11:29:09,Release,none,0,00 00,Fwd,false,false,false,false,false,false,false,false,false
413,0,"        0"," 28 step",Free,11:29:09,Release,none,0,00 00,Fwd,false,false,false,false,false,false,false,false,false
414,0,"        0"," 28 step",Free,11:29:09,Release,none,0,00 00,Fwd,false,false,false,false,false,false,false,false,false
415,0,"        0"," 28 step",Free,11:29:09,Release,none,0,00 00,Fwd,false,false,false,false,false,false,false,false,false
416,0,"        0"," 28 step",Free,11:29:09,Release,none,0,00 00,Fwd,false,false,false,false,false,false,false,false,false
417,0,"        0"," 28 step",Free,11:29:09,Release,none,0,00 00,Fwd,false,false,false,false,false,false,false,false,false
418,0,"        0"," 28 step",Free,11:29:09,Release,none,0,00 00,Fwd,false,false,false,false,false,false,false,false,false
419,0,"        0"," 28 step",Free,11:29:09,Release,none,0,00 00,Fwd,false,false,false,false,false,false,false,false,false
420,0,"        0"," 28 step",Free,11:29:09,Release,none,0,00 00,Fwd,false,false,false,false,false,false,false,false,false
421,0,"        0"," 28 step",Free,11:29:09,Release,none,0,00 00,Fwd,false,false,false,false,false,false,false,false,false
422,0,"        0"," 28 step",Free,11:29:09,Release,none,0,00 00,Fwd,false,false,false,false,false,false,false,false,false
423,0,"        0"," 28 step",Free,11:29:09,Release,none,0,00 00,Fwd,false,false,false,false,false,false,false,false,false
424,0,"        0"," 28 step",Free,11:29:09,Release,none,0,00 00,Fwd,false,false,false,false,false,false,false,false,false
425,0,"        0"," 28 step",Free,11:29:09,Release,none,0,00 00,Fwd,false,false,false,false,false,false,false,false,false
426,0,"        0"," 28 step",Free,11:29:09,Release,none,0,00 00,Fwd,false,false,false,false,false,false,false,false,false
427,0,"        0"," 28 step",Free,11:29:09,Release,none,0,00 00,Fwd,false,false,false,false,false,false,false,false,false
428,0,"        0"," 28 step",Free,11:29:10,Release,none,0,00 00,Fwd,false,false,false,false,false,false,false,false,false
429,0,"        0"," 28 step",Free,11:29:10,Release,none,0,00 00,Fwd,false,false,false,false,false,false,false,false,false
430,0,"        0"," 28 step",Free,11:29:10,Release,none,0,00 00,Fwd,false,false,false,false,false,false,false,false,false
431,0,"        0"," 28 step",Free,11:29:10,Release,none,0,00 00,Fwd,false,false,false,false,false,false,false,false,false
432,0,"        0"," 28 step",Free,11:29:10,Release,none,0,00 00,Fwd,false,false,false,false,false,false,false,false,false
